Date,net_pnl
2015-02-04,0.0
2015-02-05,-32.88863391255782
2015-02-06,18.58847886390831
2015-02-09,25.402941017280792
2015-02-10,9.640628460967008
2015-02-11,-24.37711020757873
2015-02-12,-9.279427217752795
2015-02-13,14.918980178389187
2015-02-17,9.05580106360246
2015-02-18,-5.462216479203414
2015-02-19,2.9385203001632325
2015-02-20,2.7664343761142076
2015-02-23,4.977179659159069
2015-02-24,-16.166803976338585
2015-02-25,6.498114803206589
2015-02-26,18.293809703856706
2015-02-27,21.13226684222442
2015-03-02,7.643668475318947
2015-03-03,0.5276641867089269
2015-03-04,0.9459244491332246
2015-03-05,-1.1743893776953234
2015-03-06,3.61099877763555
2015-03-09,-11.968289984514087
2015-03-10,-6.94137685275614
2015-03-11,-21.520793245587193
2015-03-12,4.738682062424135
2015-03-13,13.659162989372495
2015-03-16,-1.021822185447576
2015-03-17,8.318658386269073
2015-03-18,26.434137883671642
2015-03-19,4.415307570282936
2015-03-20,8.879925583471554
2015-03-23,9.597722808145502
2015-03-24,10.366577312479716
2015-03-25,19.8642586388205
2015-03-26,-4.485490605721282
2015-03-27,14.697190203738879
2015-03-30,-2.505247406728629
2015-03-31,-6.085039962033406
2015-04-01,13.348442985536272
2015-04-02,25.3079099045416
2015-04-06,-18.503549373470808
2015-04-07,23.158065029489983
2015-04-08,9.576727013558846
2015-04-09,7.07654431001471
2015-04-10,-17.430524020287038
2015-04-13,17.16189281740348
2015-04-14,9.031044896858715
2015-04-15,-0.5082660258168717
2015-04-16,4.101580801132332
2015-04-17,19.99124770312011
2015-04-20,-18.054164273032125
2015-04-21,-3.8407625715633618
2015-04-22,15.353793469790752
2015-04-23,10.05799264591876
2015-04-24,-19.86486891882638
2015-04-27,3.1569358104413
2015-04-28,1.4593543946019218
2015-04-29,17.310988633626305
2015-04-30,-8.38547712999127
2015-05-01,5.062988439805608
2015-05-04,9.514558585141199
2015-05-05,5.939008392338502
2015-05-06,13.17305344447678
2015-05-07,-2.5485117177782626
2015-05-08,41.72539461327665
2015-05-11,-8.556128309199385
2015-05-12,-6.9286847813827075
2015-05-13,-14.193033404019864
2015-05-14,-5.882029335999941
2015-05-15,7.236258986896917
2015-05-18,9.985239486168785
2015-05-19,-10.2808984609406
2015-05-20,8.767729509610252
2015-05-21,18.873147789479027
2015-05-22,-2.7986574724046247
2015-05-26,-4.809908917053391
2015-05-27,17.589941377312677
2015-05-28,8.086805690856274
2015-05-29,-6.346346738381697
2015-06-01,-11.598113409382348
2015-06-02,4.283550911336899
2015-06-03,-12.652574432279689
2015-06-04,12.861910642877842
2015-06-05,-17.251171665705407
2015-06-08,-1.0089974347042958
2015-06-09,-21.288407104806932
2015-06-10,7.4286647092724705
2015-06-11,7.221449202124649
2015-06-12,-0.7483883442258109
2015-06-15,12.591219677316396
2015-06-16,-23.427102733110363
2015-06-17,0.6465863826483945
2015-06-18,18.18611836208936
2015-06-19,-8.641069401357473
2015-06-22,-7.332362093764467
2015-06-23,0.7756522400758792
2015-06-24,-4.037804805248694
2015-06-25,-8.078351647757646
2015-06-26,24.56840849578364
2015-06-29,-9.39676706930794
2015-06-30,13.959367610768906
2015-07-01,-3.6493294668534313
2015-07-02,8.565715367707313
2015-07-06,5.756545157988294
2015-07-07,-0.29943413227100113
2015-07-08,-11.424913990756675
2015-07-09,20.20422272462741
2015-07-10,-0.28179515802402216
2015-07-13,-26.326696069647735
2015-07-14,-1.1930602406873205
2015-07-15,1.846011215186198
2015-07-16,-18.216696053390194
2015-07-17,-3.1733841839695454
2015-07-20,-9.937161223403496
2015-07-21,-4.57218102275424
2015-07-22,-20.011716148507578
2015-07-23,2.699659361471398
2015-07-24,-60.31500589996049
2015-07-27,25.85255568225365
2015-07-28,16.095361498697105
2015-07-29,5.58154110307967
2015-07-30,20.0773265732568
2015-07-31,-4.725691152604512
2015-08-03,-0.38627848422662064
2015-08-04,6.6737754875227004
2015-08-05,-5.051927475596993
2015-08-06,11.631950415724294
2015-08-07,13.362847077038756
2015-08-10,0.4538682102230942
2015-08-11,-8.021320057461297
2015-08-12,-10.660061868476438
2015-08-13,-13.795051797579253
2015-08-14,6.644794521615413
2015-08-17,-15.417284314089732
2015-08-18,10.845471784135354
2015-08-19,28.755318794341544
2015-08-20,-4.98721944057653
2015-08-21,-8.01793839377059
2015-08-24,-9.657193802117348
2015-08-25,-19.573938814052433
2015-08-26,30.665198053636754
2015-08-27,11.96434935842006
2015-08-28,-25.788623834223493
2015-08-31,0.7314822888087218
2015-09-01,-29.419958289351
2015-09-02,-3.1371469249200596
2015-09-03,15.745129747738185
2015-09-04,-1.389409048882864
2015-09-08,5.108374223927399
2015-09-09,3.5646600454557182
2015-09-10,1.9335756321666198
2015-09-11,-24.10239756058917
2015-09-14,3.0859950045811813
2015-09-15,-16.629802351158958
2015-09-16,7.967735328604873
2015-09-17,19.1082291844076
2015-09-18,17.94421659480953
2015-09-21,4.8957633258237765
2015-09-22,-11.896450968420346
2015-09-23,-11.256367226341112
2015-09-24,13.157289125008226
2015-09-25,2.9679904308827685
2015-09-28,11.525294997256065
2015-09-29,1.7782700092269055
2015-09-30,34.66562163298753
2015-10-01,58.24786503739572
2015-10-02,50.84449060170898
2015-10-05,10.158160835173785
2015-10-06,-9.976801847220793
2015-10-07,21.711741171006313
2015-10-08,-19.63357104429117
2015-10-09,41.5730747069134
2015-10-12,14.880155868004593
2015-10-13,16.80812886993465
2015-10-14,-2.8345954927092483
2015-10-15,6.698652019437224
2015-10-16,6.625405094988906
2015-10-19,0.6033414060498383
2015-10-20,21.515803570966696
2015-10-21,31.406415337871703
2015-10-22,-0.4675832372034984
2015-10-23,26.076997662089504
2015-10-26,17.227970195306078
2015-10-27,11.476615367825303
2015-10-28,14.334907459150138
2015-10-29,3.1833197771286756
2015-10-30,3.5015104903229686
2015-11-02,19.352772754731646
2015-11-03,22.32447645640721
2015-11-04,-6.0388055803816565
2015-11-05,21.706308157639196
2015-11-06,16.740587212054585
2015-11-09,16.264942924623636
2015-11-10,8.307371595792057
2015-11-11,13.275005592057353
2015-11-12,13.300041476488895
2015-11-13,24.929341925078116
2015-11-16,7.771629885166128
2015-11-17,-1.7427729609045584
2015-11-18,-3.4018774752515935
2015-11-19,6.430534350880097
2015-11-20,4.050850497032596
2015-11-23,0.8668161094399928
2015-11-24,0.8503499314492683
2015-11-25,-7.13430751308987
2015-11-27,-2.0887181611945116
2015-11-30,-4.4197980372130985
2015-12-01,-4.8869085597306405
2015-12-02,28.198426912987944
2015-12-03,-19.078320016509522
2015-12-04,11.752161814547142
2015-12-07,6.282521062138638
2015-12-08,8.364721599766916
2015-12-09,14.73968589350955
2015-12-10,9.900830545897705
2015-12-11,11.11428897960372
2015-12-14,-5.324914975773525
2015-12-15,-9.484903502507388
2015-12-16,21.511075500374915
2015-12-17,2.512174832878317
2015-12-18,15.122643384471276
2015-12-21,-13.1735352819041
2015-12-22,10.102503969394839
2015-12-23,8.1240091242676
2015-12-24,-4.651554913453779
2015-12-28,-1.5621419982072915
2015-12-29,-5.660345155931056
2015-12-30,1.3515459200311402
2015-12-31,7.635179386898494
2016-01-04,-20.74352732287066
2016-01-05,-14.357357863025317
2016-01-06,-2.1550909698239233
2016-01-07,-17.20204144101117
2016-01-08,14.304437345020682
2016-01-11,-35.16506295451779
2016-01-12,8.126773272808126
2016-01-13,-24.419246519183847
2016-01-14,-5.513006717071338
2016-01-15,-23.624051609512822
2016-01-19,-14.62317682629122
2016-01-20,4.8897422368505765
2016-01-21,19.61105197130341
2016-01-22,23.509067155597418
2016-01-25,2.23011919615449
2016-01-26,-1.6426429213559735
2016-01-27,-25.294585052251914
2016-01-28,-29.7798302570166
2016-01-29,-0.919540186329567
2016-02-01,43.251182253288114
2016-02-02,-27.937155914800133
2016-02-03,17.414065369963133
2016-02-04,18.655844052197125
2016-02-05,-58.5351610921605
2016-02-08,-29.29175316494185
2016-02-09,30.965605237684535
2016-02-10,6.461554482352899
2016-02-11,20.00105231915218
2016-02-12,19.850704298552312
2016-02-16,27.393643022337052
2016-02-17,26.170236305875783
2016-02-18,0.6092813478622245
2016-02-19,4.176965473089255
2016-02-22,14.50836549398057
2016-02-23,-4.579945065416743
2016-02-24,13.618192174387145
2016-02-25,-3.446689989892103
2016-02-26,-0.7344787906452145
2016-02-29,3.0680936636806986
2016-03-01,17.264401710704746
2016-03-02,-0.36516130063567626
2016-03-03,-7.253387919328508
2016-03-04,3.21129273962128
2016-03-07,-15.77963021005486
2016-03-08,31.280750042063318
2016-03-09,12.162671582829644
2016-03-10,19.493099891147722
2016-03-11,8.115603968449358
2016-03-14,-7.71207894048474
2016-03-15,16.785347470193397
2016-03-16,-14.316846098805405
2016-03-17,24.00059285926837
2016-03-18,9.844827884409701
2016-03-21,-0.18728088222160794
2016-03-22,11.898687534029822
2016-03-23,23.10479157387441
2016-03-24,-4.580849129079279
2016-03-28,5.017810366175588
2016-03-29,5.974621769104832
2016-03-30,1.988812585363279
2016-03-31,5.323570353291398
2016-04-01,-13.425392185271527
2016-04-04,8.222232233984105
2016-04-05,-13.450678654673494
2016-04-06,-5.8158828604984905
2016-04-07,-6.310449748255852
2016-04-08,2.896292650737598
2016-04-11,5.44133898301995
2016-04-12,-2.1590782435686293
2016-04-13,2.3013156148304286
2016-04-14,-8.305895711535467
2016-04-15,12.517025279499496
2016-04-18,-8.996633761071354
2016-04-19,11.223830911782093
2016-04-20,-6.966275777382038
2016-04-21,26.02599407637661
2016-04-22,24.21660963235926
2016-04-25,29.88038387544987
2016-04-26,-1.2885619921062252
2016-04-27,-15.98974172962282
2016-04-28,44.61408418217579
2016-04-29,11.334368957837626
2016-05-02,5.144693813192683
2016-05-03,-10.636387781706048
2016-05-04,-5.522346314409455
2016-05-05,9.408840762831456
2016-05-06,17.845558718914468
2016-05-09,0.8101791958443244
2016-05-10,3.23895041626405
2016-05-11,-5.851417589494829
2016-05-12,-7.433299378677546
2016-05-13,-8.802716066153481
2016-05-16,6.023335715949381
2016-05-17,1.59638882156797
2016-05-18,-1.7519306380165591
2016-05-19,6.073176368927175
2016-05-20,1.3418423770453802
2016-05-23,6.690196476154618
2016-05-24,18.36178892006589
2016-05-25,12.197339556151428
2016-05-26,21.954977041130363
2016-05-27,-13.176734887675728
2016-05-31,12.883538280656783
2016-06-01,-11.997005993290085
2016-06-02,1.0268955835639497
2016-06-03,1.8486393081697092
2016-06-06,-2.2709646217010353
2016-06-07,-26.78762200954467
2016-06-08,5.8682945768986015
2016-06-09,-2.793146962889954
2016-06-10,5.8732752133256945
2016-06-13,1.5172323510496384
2016-06-14,-17.088816563532347
2016-06-15,-2.690666452601034
2016-06-16,5.867549772916848
2016-06-17,6.793781914846659
2016-06-20,0.5596075806748843
2016-06-21,-5.824122599336811
2016-06-22,-0.5970750505709437
2016-06-23,-8.245038620371975
2016-06-24,49.19287894812142
2016-06-27,2.8908432363661025
2016-06-28,21.761697140703376
2016-06-29,8.733564666588737
2016-06-30,-6.080992541109205
2016-07-01,19.34540603332531
2016-07-05,-96.86192281630848
2016-07-06,-0.5958536341563748
2016-07-07,13.138249795060368
2016-07-08,17.25332220787521
2016-07-11,22.55440768144894
2016-07-12,17.101382233410355
2016-07-13,2.4739738291984232
2016-07-14,1.3897873829281948
2016-07-15,-0.48340023073785726
2016-07-18,5.84184956826958
2016-07-19,12.462317140680959
2016-07-20,16.84551329116133
2016-07-21,-6.669810414389923
2016-07-22,-10.312680477331579
2016-07-25,-9.015069736230352
2016-07-26,-1.2825706928156335
2016-07-27,12.395872764060503
2016-07-28,-16.610517716278117
2016-07-29,-6.269529636848784
2016-08-01,-13.165050951849958
2016-08-02,-12.04246935665737
2016-08-03,5.535468851049266
2016-08-04,26.20929998097254
2016-08-05,-5.324469993065913
2016-08-08,-10.138234810102949
2016-08-09,-5.338279890692962
2016-08-10,-13.86845295985092
2016-08-11,-11.523876000887704
2016-08-12,-5.947717107095527
2016-08-15,-24.954690912295806
2016-08-16,3.1868709074241215
2016-08-17,-15.837117927210516
2016-08-18,-2.8029483198572316
2016-08-19,-9.103132347084795
2016-08-22,25.364270027044892
2016-08-23,6.3716523599448
2016-08-24,1.3525569846388255
2016-08-25,22.49281380549635
2016-08-26,-23.002372069487365
2016-08-29,-8.034042160530808
2016-08-30,-4.394906641014962
2016-08-31,6.40841628599815
2016-09-01,-8.720593333131484
2016-09-02,-16.75835349417326
2016-09-06,-0.14026030432677544
2016-09-07,-5.242908802347284
2016-09-08,16.464934371572127
2016-09-09,3.8522328497371023
2016-09-12,19.388846762522476
2016-09-13,7.570843496608747
2016-09-14,8.829528750786134
2016-09-15,-11.209030536368454
2016-09-16,-1.9783142545139334
2016-09-19,15.753482031171968
2016-09-20,1.4059247045614773
2016-09-21,0.07237026726463287
2016-09-22,-1.2814845307257356
2016-09-23,-14.883752314811511
2016-09-26,-4.2327615223914625
2016-09-27,-19.36726762983804
2016-09-28,-8.00328363265935
2016-09-29,-16.67359355228945
2016-09-30,7.99595224981402
2016-10-03,-12.563501565521433
2016-10-04,0.06587657688378074
2016-10-05,-21.950559037639295
2016-10-06,29.11570199218441
2016-10-07,-19.58509068049811
2016-10-10,17.79082307657171
2016-10-11,15.981262469122784
2016-10-12,14.037435713752343
2016-10-13,8.619961424953507
2016-10-14,4.941595400082431
2016-10-17,6.752285295498787
2016-10-18,5.860963060854008
2016-10-19,-5.577660376196639
2016-10-20,0.4127443997006446
2016-10-21,-0.7910685243584131
2016-10-24,-1.341422266706193
2016-10-25,3.54750873510443
2016-10-26,47.15495331121287
2016-10-27,21.46044194244102
2016-10-28,-1.8560285773496068
2016-10-31,-8.664895344135738
2016-11-01,7.648698439160555
2016-11-02,-16.536556864636516
2016-11-03,17.447103786375337
2016-11-04,-23.215481846789352
2016-11-07,5.124966356724385
2016-11-08,7.402081128760362
2016-11-09,10.43340195118319
2016-11-10,-0.799107289725706
2016-11-11,-22.220265196369247
2016-11-14,11.965359226127084
2016-11-15,-9.401746139369457
2016-11-16,17.78242138688609
2016-11-17,-4.105773288415101
2016-11-18,10.284170960955292
2016-11-21,4.607700953314607
2016-11-22,-7.328062690880446
2016-11-23,-26.106962757661954
2016-11-25,4.3747580809068625
2016-11-28,3.467059448009619
2016-11-29,0.5070489295094956
2016-11-30,19.81717741287303
2016-12-01,-3.0830963143427765
2016-12-02,29.697622064461854
2016-12-05,26.335050051334736
2016-12-06,-13.826395873384415
2016-12-07,-28.522056773197306
2016-12-08,-20.47129774682254
2016-12-09,12.529648002505587
2016-12-12,17.65043609620675
2016-12-13,28.5273279113499
2016-12-14,11.041715917241776
2016-12-15,-35.014643007741896
2016-12-16,13.897548441302183
2016-12-19,-9.449901930975852
2016-12-20,-12.53367928159739
2016-12-21,1.840535956753411
2016-12-22,-5.810619518043179
2016-12-23,-6.583841391427532
2016-12-27,9.10763501802032
2016-12-28,3.983310097160379
2016-12-29,-3.1596390565112857
2016-12-30,4.828764972551189
2017-01-03,21.67357069767746
2017-01-04,-12.7696530001836
2017-01-05,22.98720494033279
2017-01-06,6.2603131612667156
2017-01-09,-12.872062539222142
2017-01-10,2.164817037861459
2017-01-11,-14.660632700558764
2017-01-12,-10.928101653210742
2017-01-13,-6.784158701930405
2017-01-17,19.122114130740872
2017-01-18,-15.680790099007773
2017-01-19,-5.866919998647726
2017-01-20,14.086518413994627
2017-01-23,-10.9066982309553
2017-01-24,-16.141728872301986
2017-01-25,-7.473833955901714
2017-01-26,26.39706375862055
2017-01-27,-10.258039890810277
2017-01-30,16.506204298123766
2017-01-31,1.446453637635122
2017-02-01,-3.451099996764473
2017-02-02,10.435965396905816
2017-02-03,33.34722434303423
2017-02-06,13.174794507056667
2017-02-07,2.099139063238184
2017-02-08,-14.308922966196892
2017-02-09,7.844688298947432
2017-02-10,27.562259845053877
2017-02-13,18.966885290856244
2017-02-14,-24.515849351860744
2017-02-15,10.751481389128168
2017-02-16,-1.1067515014664921
2017-02-17,-4.385348178812543
2017-02-21,8.173256887039827
2017-02-22,3.488349422281091
2017-02-23,1.8101813395849602
2017-02-24,9.20437456373518
2017-02-27,-12.816492712248953
2017-02-28,11.409706336264819
2017-03-01,22.883016782972213
2017-03-02,12.603882761434692
2017-03-03,-19.710523964244015
2017-03-06,9.563493412137946
2017-03-07,-21.597389155802347
2017-03-08,-10.382965416014661
2017-03-09,-12.034598853211582
2017-03-10,-41.85115282690752
2017-03-13,-5.620205305851397
2017-03-14,-7.819925202238652
2017-03-15,-11.643557671826187
2017-03-16,4.712794794389166
2017-03-17,5.899012494379762
2017-03-20,4.288608785238516
2017-03-21,20.530180563720613
2017-03-22,-6.950233795810347
2017-03-23,2.697502638451316
2017-03-24,0.6087789100983679
2017-03-27,-10.402482032618712
2017-03-28,14.49003215905974
2017-03-29,-2.693303533898582
2017-03-30,7.931883859466445
2017-03-31,2.0852971879420727
2017-04-03,25.20441108783087
2017-04-04,-17.876502796455725
2017-04-05,-16.68307600395594
2017-04-06,3.6802218177884476
2017-04-07,-1.5924193460269807
2017-04-10,13.998386185331018
2017-04-11,17.74942083236643
2017-04-12,26.59372472467159
2017-04-13,1.6439487291281187
2017-04-17,10.885746840465348
2017-04-18,-2.5996256945038314
2017-04-19,-6.671909991228964
2017-04-20,-6.63529721779748
2017-04-21,-8.527952797040534
2017-04-24,16.6429411447602
2017-04-25,-40.408641967272686
2017-04-26,33.08483079280319
2017-04-27,43.25456823951656
2017-04-28,9.467077475414218
2017-05-01,-28.331055193055036
2017-05-02,15.22097554642293
2017-05-03,-21.803344769440006
2017-05-04,-4.06227058721881
2017-05-05,17.18886102183527
2017-05-08,-10.530433876961283
2017-05-09,8.77671831462306
2017-05-10,-33.867034279421325
2017-05-11,-4.674731822781765
2017-05-12,-4.294305017788664
2017-05-15,8.498469177816464
2017-05-16,-31.439702774299132
2017-05-17,30.272009322675807
2017-05-18,-23.82018716132419
2017-05-19,-19.232161432393507
2017-05-22,-21.079390600482867
2017-05-23,-8.387417205466711
2017-05-24,-9.63823579460824
2017-05-25,6.886005353050491
2017-05-26,15.059272950106973
2017-05-30,16.332298497381565
2017-05-31,0.48792174687728856
2017-06-01,18.349989515622976
2017-06-02,-23.649046962957
2017-06-05,39.943632411378196
2017-06-06,4.349389046611696
2017-06-07,-12.451020498283373
2017-06-08,-3.8087128121618425
2017-06-09,57.77274273311613
2017-06-12,25.586550377212408
2017-06-13,-5.419280450753926
2017-06-14,-4.158327535690642
2017-06-15,-4.793587409233318
2017-06-16,17.218808713749638
2017-06-19,-3.355955970949372
2017-06-20,-11.603251967326614
2017-06-21,17.098348420961393
2017-06-22,-18.661971207407426
2017-06-23,-13.772345426545073
2017-06-26,18.981648200579684
2017-06-27,4.828001776577331
2017-06-28,16.498904827239333
2017-06-29,-28.03735363304694
2017-06-30,14.959232369646875
2017-07-03,-0.47026579277697284
2017-07-05,22.26865246378565
2017-07-06,9.849012946274884
2017-07-07,-2.0458037411550336
2017-07-10,-4.664534607634117
2017-07-11,11.604472129146504
2017-07-12,18.629137895807414
2017-07-13,8.06834135890012
2017-07-14,-26.180301023271227
2017-07-17,5.018230468118152
2017-07-18,8.084698847203553
2017-07-19,-10.159615938004276
2017-07-20,1.6919883577653079
2017-07-21,1.405111699471867
2017-07-24,18.132277019671484
2017-07-25,5.578237950393466
2017-07-26,-7.568853107722101
2017-07-27,26.443492131883904
2017-07-28,-20.29883255415575
2017-07-31,26.48333626448515
2017-08-01,4.009123328579866
2017-08-02,6.07032546474037
2017-08-03,-4.273907275667243
2017-08-04,18.53713272931228
2017-08-07,4.8841031089323526
2017-08-08,-31.97215842695762
2017-08-09,9.883881440643332
2017-08-10,-24.839009451338715
2017-08-11,21.25801836190045
2017-08-14,16.263939134704042
2017-08-15,-20.523320875816918
2017-08-16,-5.477028552629721
2017-08-17,12.137047133778712
2017-08-18,3.2247943135033337
2017-08-21,9.485443037613917
2017-08-22,-18.936483225580552
2017-08-23,-3.4060127972575254
2017-08-24,0.8129638172440508
2017-08-25,-11.306593173860742
2017-08-28,1.7191591524193466
2017-08-29,3.6507936908005414
2017-08-30,42.680013878517514
2017-08-31,19.977759736362064
2017-09-01,12.23162145804632
2017-09-05,14.032557363661235
2017-09-06,1.913366595619198
2017-09-07,-3.6622245495827914
2017-09-08,-14.383474742007657
2017-09-11,-12.964533612670296
2017-09-12,-1.2013033869134369
2017-09-13,44.34604384778248
2017-09-14,-7.875604200231927
2017-09-15,42.63113974350287
2017-09-18,2.162248928792238
2017-09-19,-24.92524571138888
2017-09-20,1.1847700698727084
2017-09-21,18.737660634067534
2017-09-22,-1.5949017062862032
2017-09-25,6.475737414955587
2017-09-26,-4.454931514775665
2017-09-27,-2.908026315511911
2017-09-28,-0.3996706737531927
2017-09-29,25.520946600144093
2017-10-02,9.518603446814112
2017-10-03,-12.271295065118334
2017-10-04,17.19962565986506
2017-10-05,-9.458276293183783
2017-10-06,6.508140028246423
2017-10-09,-9.237326660739223
2017-10-10,-1.0208306054131933
2017-10-11,-14.865086274677891
2017-10-12,14.84284251982001
2017-10-13,3.95761343947978
2017-10-16,1.3868057959556255
2017-10-17,-7.8610995954710425
2017-10-18,2.7028952821878525
2017-10-19,44.88140506677548
2017-10-20,-7.281994454313089
2017-10-23,34.7508453284087
2017-10-24,-6.574147858414954
2017-10-25,-1.486193695617042
2017-10-26,40.50519225123478
2017-10-27,8.97394587207058
2017-10-30,30.760793446709016
2017-10-31,38.984801100187354
2017-11-01,29.841723443527624
2017-11-02,71.45756487664022
2017-11-03,29.26471957014043
2017-11-06,1.6133521350186901
2017-11-07,-15.74380814204373
2017-11-08,25.233875456002753
2017-11-09,-4.487288707477404
2017-11-10,-5.83800997007722
2017-11-13,-7.799628926057022
2017-11-14,11.488648989379811
2017-11-15,12.46677298574095
2017-11-16,2.5224213813687455
2017-11-17,1.735064842064394
2017-11-20,-4.850245659127564
2017-11-21,-6.037251685125588
2017-11-22,19.11358760287549
2017-11-24,1.731271403923229
2017-11-27,-14.159815077041484
2017-11-28,7.088801907483897
2017-11-29,56.45733520647538
2017-11-30,27.25804369397954
2017-12-01,10.051029803182644
2017-12-04,-31.11866847123892
2017-12-05,33.3305615665663
2017-12-06,18.269308542426767
2017-12-07,16.288347191245258
2017-12-08,-20.35232538083987
2017-12-11,21.760282038562497
2017-12-12,-6.6277790806599715
2017-12-13,16.04506747929769
2017-12-14,-1.0553340508479874
2017-12-15,13.236503108618443
2017-12-18,-19.09260830235734
2017-12-19,33.04027622711354
2017-12-20,-0.22829006491258663
2017-12-21,-0.1842725808491842
2017-12-22,2.945526488828937
2017-12-26,-11.904990650867013
2017-12-27,13.372259849063878
2017-12-28,6.126675490093657
2017-12-29,0.11080127021358543
2018-01-02,3.859545222974913
2018-01-03,30.305960541014205
2018-01-04,-3.790287296605801
2018-01-05,2.9098374676941545
2018-01-08,7.267594319314418
2018-01-09,40.01049471196747
2018-01-10,-3.528489723696157
2018-01-11,-52.83904409992608
2018-01-12,-23.895181101984956
2018-01-16,18.680067514451718
2018-01-17,-3.4830005581029635
2018-01-18,13.336749869691575
2018-01-19,39.49735126137302
2018-01-22,-43.53249897434633
2018-01-23,11.518478686719934
2018-01-24,10.90786227698552
2018-01-25,3.7454211058802986
2018-01-26,-9.896421464055432
2018-01-29,30.159401102092694
2018-01-30,4.843872594029471
2018-01-31,44.162612772920845
2018-02-01,24.723854935863546
2018-02-02,17.475722613228683
2018-02-05,44.33632832401998
2018-02-06,63.66911543882011
2018-02-07,-21.665556756528996
2018-02-08,-22.621917410362457
2018-02-09,62.87599601169206
2018-02-12,37.88024659706221
2018-02-13,-27.47741734307141
2018-02-14,-24.25950469146903
2018-02-15,46.03383368080781
2018-02-16,-23.965469162409683
2018-02-20,3.045850457622667
2018-02-21,11.461985916230331
2018-02-22,32.008217774909966
2018-02-23,-7.239065764943574
2018-02-26,7.062236652824584
2018-02-27,-3.5876210692469295
2018-02-28,8.264432776456193
2018-03-01,-0.47779150734969955
2018-03-02,-16.58723764776246
2018-03-05,-22.173060592863376
2018-03-06,-40.98084151736802
2018-03-07,22.498949392980183
2018-03-08,-10.476920705602533
2018-03-09,-39.38529254698546
2018-03-12,-9.628969379884268
2018-03-13,-0.49722842445473553
2018-03-14,-2.2824724390211415
2018-03-15,24.18139706365238
2018-03-16,-4.807452481921875
2018-03-19,23.549742442376697
2018-03-20,-3.3817946643882695
2018-03-21,12.36389482008494
2018-03-22,29.95204567051682
2018-03-23,-6.566107196998626
2018-03-26,0.6677482848234986
2018-03-27,8.46204160457246
2018-03-28,17.43234852074013
2018-03-29,2.3193780030585573
2018-04-02,8.389209952521071
2018-04-03,-1.691221949187723
2018-04-04,8.91316510919971
2018-04-05,-6.885721668615723
2018-04-06,-12.959495240426387
2018-04-09,11.340264184294668
2018-04-10,8.802311050387374
2018-04-11,-15.018877713907804
2018-04-12,25.642374731162114
2018-04-13,0.03592572789879634
2018-04-16,0.9696464668278743
2018-04-17,-0.9758723053419842
2018-04-18,-12.917097242679702
2018-04-19,5.610377092604242
2018-04-20,1.4476675230928897
2018-04-23,12.802502863409503
2018-04-24,-23.77949487781249
2018-04-25,-3.5576219695498947
2018-04-26,88.81742520529016
2018-04-27,-31.684341570999013
2018-04-30,33.034445060278934
2018-05-01,23.73625515401314
2018-05-02,9.289786438144201
2018-05-03,49.31188764203719
2018-05-04,20.761668794848866
2018-05-07,9.016699072861893
2018-05-08,-1.8100014775974058
2018-05-09,-46.39681114694079
2018-05-10,16.79244159816554
2018-05-11,-6.788972995557808
2018-05-14,30.81914653292756
2018-05-15,23.68878386594752
2018-05-16,-14.212760615993416
2018-05-17,6.663544696033016
2018-05-18,-1.5631569178896187
2018-05-21,-8.705463546362235
2018-05-22,-14.636070022674417
2018-05-23,-51.39687965387442
2018-05-24,1.046349334616114
2018-05-25,26.976561538008315
2018-05-29,3.801457928118721
2018-05-30,9.594540990659125
2018-05-31,11.968259003140272
2018-06-01,-32.679028015515584
2018-06-04,0.9820185528421682
2018-06-05,12.751788052124633
2018-06-06,-23.195126729049722
2018-06-07,7.6494772093676815
2018-06-08,-10.500203388077564
2018-06-11,-11.48311555930985
2018-06-12,-7.141486844629614
2018-06-13,-31.645157498297188
2018-06-14,25.58786304930204
2018-06-15,-5.00601562166167
2018-06-18,14.237249587958646
2018-06-19,-21.26587991007432
2018-06-20,-43.60812984013327
2018-06-21,-16.293856089700757
2018-06-22,4.979637548473893
2018-06-25,13.129535247989589
2018-06-26,49.78851511083412
2018-06-27,4.623733788174986
2018-06-28,-7.526681988525671
2018-06-29,14.427008439628251
2018-07-02,25.84992431458601
2018-07-03,-17.424881408006296
2018-07-05,1.2823096292294591
2018-07-06,-11.627403654072145
2018-07-09,19.268859787134886
2018-07-10,21.966472565452925
2018-07-11,-26.183397356821345
2018-07-12,-8.765798254627262
2018-07-13,-1.2536793900281695
2018-07-16,-1.4210688969174987
2018-07-17,3.9021779041099762
2018-07-18,10.194183610564387
2018-07-19,-1.9130819359951725
2018-07-20,-9.056336474990452
2018-07-23,-3.2663516566868394
2018-07-24,-18.60035194596764
2018-07-25,-92.96611889510544
2018-07-26,86.46497311220449
2018-07-27,-16.955934794079287
2018-07-30,-13.566743604972316
2018-07-31,-7.902996073980933
2018-08-01,5.114029200242403
2018-08-02,61.07146921533734
2018-08-03,27.896688061617457
2018-08-06,29.083692649325457
2018-08-07,69.4380529322201
2018-08-08,-14.69047853498062
2018-08-09,-18.75209826767566
2018-08-10,13.764555110248322
2018-08-13,-9.148280577293551
2018-08-14,3.187495750067264
2018-08-15,-29.311353084860826
2018-08-16,7.4263941526790465
2018-08-17,-17.807704344052585
2018-08-20,3.740269797176278
2018-08-21,-13.076543421182187
2018-08-22,12.309279610212494
2018-08-23,1.7495160274257056
2018-08-24,10.841274173673321
2018-08-27,42.34173495083109
2018-08-28,-19.7665888923466
2018-08-29,7.1617247077519774
2018-08-30,-3.9994683465741048
2018-08-31,-11.312668058456962
2018-09-04,-33.008435561194965
2018-09-05,39.14861708490225
2018-09-06,-18.48339432897871
2018-09-07,2.964893128634204
2018-09-10,-16.927242390608225
2018-09-11,-4.897045502271108
2018-09-12,13.945449270796153
2018-09-13,40.223640132029956
2018-09-14,15.034010822552766
2018-09-17,-8.309507870073164
2018-09-18,-31.353502918689884
2018-09-19,22.195917618925673
2018-09-20,21.018647189283232
2018-09-21,1.5557674166551172
2018-09-24,9.873575660507388
2018-09-25,26.71646909581807
2018-09-26,-2.335314397239666
2018-09-27,1.7162497999200796
2018-09-28,16.144508411286136
2018-10-01,-5.7641739985096665
2018-10-02,26.833063585371963
2018-10-03,11.734719804462609
2018-10-04,-11.120489240860353
2018-10-05,-11.381775357235774
2018-10-08,-36.5208421854872
2018-10-09,1.061465087718644
2018-10-10,-33.043277347451436
2018-10-11,3.815366107638199
2018-10-12,39.602464615219795
2018-10-15,-20.463806842591303
2018-10-16,51.18177267074571
2018-10-17,56.69476149215564
2018-10-18,-15.470938838217217
2018-10-19,-34.21260600758437
2018-10-22,-14.568755495542952
2018-10-23,-29.399107721985263
2018-10-24,28.072907375457437
2018-10-25,-34.741832892242
2018-10-26,33.79430044547871
2018-10-29,-8.343356909131085
2018-10-30,33.60414376953195
2018-10-31,38.519345297309364
2018-11-01,99.531290203961
2018-11-02,5.5384564647953205
2018-11-05,38.93844614855532
2018-11-06,-18.574780313473315
2018-11-07,32.11177244761915
2018-11-08,-10.751726414106693
2018-11-09,0.6034597194390208
2018-11-12,-5.585473840506653
2018-11-13,-0.3120804075995296
2018-11-14,23.93366694656479
2018-11-15,-15.86783768116711
2018-11-16,10.305637697075692
2018-11-19,-26.919465503850674
2018-11-20,15.71401424814823
2018-11-21,36.96841737563072
2018-11-23,-18.506082780753975
2018-11-26,16.389734018840652
2018-11-27,16.12414473041602
2018-11-28,51.740204689050536
2018-11-29,-15.982534542873477
2018-11-30,-57.849396918511395
2018-12-03,-12.426082384008073
2018-12-04,21.08597665850422
2018-12-06,43.489574643062575
2018-12-07,4.005226671716328
2018-12-10,14.382135904582325
2018-12-11,-9.663793163130526
2018-12-12,-4.141866465059087
2018-12-13,10.10968346526618
2018-12-14,26.915220883768203
2018-12-17,50.44953998129438
2018-12-18,33.414481586917496
2018-12-19,7.741742894124187
2018-12-20,36.920959183338525
2018-12-21,-10.695909426083029
2018-12-24,16.104846423604727
2018-12-26,-7.158737977370082
2018-12-27,-22.96763270102419
2018-12-28,5.56721951631756
2018-12-31,5.460589465365772
2019-01-02,47.66382480541378
2019-01-03,4.07897579147604
2019-01-04,9.02349398591952
2019-01-07,17.51755814169619
2019-01-08,46.365512422656685
2019-01-09,30.858687539445924
2019-01-10,-17.397876883604415
2019-01-11,8.785318484902135
2019-01-14,27.417513469846547
2019-01-15,-6.3928963042375075
2019-01-16,12.162085262535273
2019-01-17,6.242637347743595
2019-01-18,-13.438278149793366
2019-01-22,17.913427711234437
2019-01-23,-38.876791356292635
2019-01-24,-2.012571626577574
2019-01-25,-10.608305139790662
2019-01-28,-12.342979714996613
2019-01-29,33.46478818811505
2019-01-30,-28.416629416750958
2019-01-31,9.098471948396968
2019-02-01,-20.740252057372405
2019-02-04,38.541642589253456
2019-02-05,-36.38503249746795
2019-02-06,-62.550892689761376
2019-02-07,9.69338443650302
2019-02-08,1.6875072424148974
2019-02-11,7.5258428631395935
2019-02-12,-23.78885020078543
2019-02-13,71.01702590233276
2019-02-14,3.3381481727248925
2019-02-15,23.990816736359523
2019-02-19,-0.5211167688206843
2019-02-20,31.22894046249645
2019-02-21,-44.822637116689876
2019-02-22,-59.7005615932879
2019-02-25,1.5099301248516142
2019-02-26,64.5133437547871
2019-02-27,8.921944206999651
2019-02-28,51.58163241154775
2019-03-01,37.07598411969256
2019-03-04,20.40596983201575
2019-03-05,25.19186579458514
2019-03-06,10.998600781808035
2019-03-07,-21.082627828892516
2019-03-08,-8.140325159651805
2019-03-11,7.158819897569024
2019-03-12,10.969624364320605
2019-03-13,19.27333643476378
2019-03-14,9.888233585285965
2019-03-15,-5.581410653005053
2019-03-18,13.219890301151398
2019-03-19,-6.319785755312072
2019-03-20,-21.51798743784092
2019-03-21,-6.991380504100797
2019-03-22,-16.570194793608927
2019-03-25,33.375997477724
2019-03-26,33.86886347411113
2019-03-27,-0.20802670595837175
2019-03-28,7.258790799910667
2019-03-29,26.393986767376592
2019-04-01,8.456608578473665
2019-04-02,4.174495100933151
2019-04-03,18.720968319894467
2019-04-04,1.245347669724238
2019-04-05,-17.248996137919317
2019-04-08,-11.0458232796151
2019-04-09,40.03958376479043
2019-04-10,-27.175875143185277
2019-04-11,-1.632261970231657
2019-04-12,-6.396044964070126
2019-04-15,-15.581302483158995
2019-04-16,-11.115586456011325
2019-04-17,-30.0196368376694
2019-04-18,15.789565467973487
2019-04-22,-35.79722047034195
2019-04-23,22.863046612059176
2019-04-24,-29.33859636314803
2019-04-25,-8.897273410611199
2019-04-26,-12.215863948743259
2019-04-29,19.27277022164913
2019-04-30,-1.0250200350047687
2019-05-01,-7.750059392724742
2019-05-02,15.628636104599021
2019-05-03,-41.53882055214489
2019-05-06,-9.595424314724578
2019-05-07,-8.533467566042678
2019-05-08,3.295509442828434
2019-05-09,-16.406923747635716
2019-05-10,-33.679080618677176
2019-05-13,19.567509812490968
2019-05-14,-22.42123333798068
2019-05-15,-14.45040792877788
2019-05-16,-26.8912521759418
2019-05-17,-19.9772635781906
2019-05-20,46.085556818450954
2019-05-21,-10.815172397188341
2019-05-22,3.3540056722274936
2019-05-23,-17.67088819279769
2019-05-24,-13.536463055705555
2019-05-28,12.738423896617205
2019-05-29,70.67021750388943
2019-05-30,-4.586077458813288
2019-05-31,-12.00003268428904
2019-06-03,-12.758772935120898
2019-06-04,-21.311669022224528
2019-06-05,-10.028921406839224
2019-06-06,-24.258158886729664
2019-06-07,-1.2594277034213226
2019-06-10,-12.722379004543406
2019-06-11,39.23811135469667
2019-06-12,-28.780496315720352
2019-06-13,25.43183446470837
2019-06-14,-19.224532015892766
2019-06-17,-27.730736217400395
2019-06-18,-30.654015362807055
2019-06-19,-21.97065098766316
2019-06-20,34.677994421607124
2019-06-21,1.20621415998201
2019-06-24,11.48238563289237
2019-06-25,21.512490152250603
2019-06-26,-5.548251797525232
2019-06-27,14.132418963825645
2019-06-28,-30.701210620795287
2019-07-01,5.7869707412494815
2019-07-02,33.66961622604193
2019-07-03,-18.025439533780485
2019-07-05,-2.0009623613526184
2019-07-08,-13.605653245722076
2019-07-09,4.2034172392649145
2019-07-10,9.741606388457289
2019-07-11,10.125465847543623
2019-07-12,16.38617353859544
2019-07-15,19.888001978399213
2019-07-16,-55.96062522817727
2019-07-17,34.61377512803667
2019-07-18,-7.468044324340219
2019-07-19,25.606678293108423
2019-07-22,-13.065538709040743
2019-07-23,-15.332406204223354
2019-07-24,21.861063433675085
2019-07-25,-2.8785943191445726
2019-07-26,32.835193754605584
2019-07-29,-20.531546441739223
2019-07-30,-37.79382868292734
2019-07-31,15.36070662149722
2019-08-01,-9.489793444892557
2019-08-02,-51.956111193280975
2019-08-05,5.604252770316407
2019-08-06,-62.11087207058368
2019-08-07,-71.73660772001779
2019-08-08,25.531034864819905
2019-08-09,-19.286658395462368
2019-08-12,-22.070208202563546
2019-08-13,17.497546593649545
2019-08-14,-40.56882869012146
2019-08-15,-11.834206918754855
2019-08-16,6.586670097331162
2019-08-19,-22.92036837982594
2019-08-20,-7.915374265987508
2019-08-21,-28.612251517037087
2019-08-22,3.040629209397241
2019-08-23,22.353272174981615
2019-08-26,-3.8358387005057475
2019-08-27,4.370166671218412
2019-08-28,6.432946092640737
2019-08-29,-11.134509757526176
2019-08-30,-16.38261083555747
2019-09-03,11.022422384402846
2019-09-04,18.527561587480033
2019-09-05,51.88974850097198
2019-09-06,-35.03888431800467
2019-09-09,49.581071943407345
2019-09-10,59.482011753690195
2019-09-11,-13.752239904164888
2019-09-12,34.97912358428657
2019-09-13,-14.213047590514153
2019-09-16,27.972410155423745
2019-09-17,76.77963108191584
2019-09-18,6.315424320977906
2019-09-19,-4.85775819877931
2019-09-20,43.671881297311735
2019-09-23,19.009837679816464
2019-09-24,7.525962688724883
2019-09-25,19.689840578280595
2019-09-26,17.61841485780161
2019-09-27,8.30909061204459
2019-09-30,-21.842453415138674
2019-10-01,26.225001024550362
2019-10-02,1.4683328280640557
2019-10-03,21.05433584151899
2019-10-04,-4.281826531718499
2019-10-07,-7.769412327420831
2019-10-08,-1.6648053899844377
2019-10-09,-10.083039390327006
2019-10-10,0.2914402565420379
2019-10-11,23.815133390660222
2019-10-14,16.943458784889675
2019-10-15,2.608050250275046
2019-10-16,74.33737803746207
2019-10-17,-1.053529928977435
2019-10-18,11.766783592430572
2019-10-21,1.965929963261598
2019-10-22,102.26179533681402
2019-10-23,1.0500572797920253
2019-10-24,-18.23796773986074
2019-10-25,24.83984558647042
2019-10-28,-19.773120958842977
2019-10-29,76.51041446431306
2019-10-30,5.92035446238744
2019-10-31,-31.240710194475582
2019-11-01,-33.59836737527704
2019-11-04,-17.04981214469408
2019-11-05,-4.964137839283013
2019-11-06,8.936285390486363
2019-11-07,-90.95554221022277
2019-11-08,-29.45755650444394
2019-11-11,13.816960559214142
2019-11-12,16.404938986405615
2019-11-13,-2.976925280967281
2019-11-14,-10.975279916065679
2019-11-15,28.63240062447787
2019-11-18,14.779187322677975
2019-11-19,25.74681571588494
2019-11-20,32.62249679071629
2019-11-21,3.8976337188281356
2019-11-22,-20.96599847725265
2019-11-25,-31.47171290305547
2019-11-26,31.72186638909385
2019-11-27,-17.840372902319437
2019-11-29,-3.948356272268859
2019-12-02,15.284581204317057
2019-12-03,-19.80019419916026
2019-12-04,-22.08240538275674
2019-12-05,1.8531639126666428
2019-12-06,2.4512351977898525
2019-12-09,9.443021182930515
2019-12-10,54.75873079130787
2019-12-11,22.82683077076128
2019-12-12,-9.083885634990096
2019-12-13,12.362035376076836
2019-12-16,-8.604311551332446
2019-12-17,26.652015114483337
2019-12-18,6.737693024430916
2019-12-19,17.037541959995906
2019-12-20,24.712139025034606
2019-12-23,6.846461071783632
2019-12-24,-15.808963627959624
2019-12-26,-17.183418692105747
2019-12-27,13.296687990543406
2019-12-30,13.305182101132917
2019-12-31,3.316920440726915
2020-01-02,-16.44192066147075
2020-01-03,-5.554114387644969
2020-01-06,1.4351548826979679
2020-01-07,2.0871403976070035
2020-01-08,-19.831994286024663
2020-01-09,-28.48372002163631
2020-01-10,-30.25619196927953
2020-01-13,-5.390536823871656
2020-01-14,14.873749403614545
2020-01-15,38.071440683759896
2020-01-16,13.117711288572897
2020-01-17,24.509139818101346
2020-01-21,-13.228929748185138
2020-01-22,0.5024796950548784
2020-01-23,28.405361075012593
2020-01-24,-31.269225780871096
2020-01-27,-9.76482816194203
2020-01-28,0.40065133073225523
2020-01-29,15.955615846894062
2020-01-30,0.9265291155320726
2020-01-31,24.375134772649158
2020-02-03,-46.72834332213873
2020-02-04,-25.19206388725154
2020-02-05,62.99145709237055
2020-02-06,-21.358560833133513
2020-02-07,-43.00522945468746
2020-02-10,18.43832303742777
2020-02-11,-11.794695819202811
2020-02-12,52.650137198046785
2020-02-13,-32.83823026448
2020-02-14,22.58363608340168
2020-02-18,-51.741968420764096
2020-02-19,-9.283447925505051
2020-02-20,70.04119802909989
2020-02-21,25.272321668462666
2020-02-24,-35.79250668336181
2020-02-25,-24.366820780663435
2020-02-26,36.99340928977333
2020-02-27,22.257529647238847
2020-02-28,64.24037414668538
2020-03-02,-2.2176599193798343
2020-03-03,-32.45005317630388
2020-03-04,-19.27698976714527
2020-03-05,-61.74964064196801
2020-03-06,21.920350359634455
2020-03-09,-90.82778912003702
2020-03-10,72.01165891980159
2020-03-11,-19.633413979170403
2020-03-12,-32.20541145291489
2020-03-13,107.1219281169731
2020-03-16,-136.55456192085995
2020-03-17,9.750148882713841
2020-03-18,-45.140511313800474
2020-03-19,237.84424738711868
2020-03-20,157.85724733822994
2020-03-23,98.68996606525636
2020-03-24,214.70603360870953
2020-03-25,236.59380161075998
2020-03-26,59.15769009943132
2020-03-27,-19.47250019075371
2020-03-30,38.006397422483104
2020-03-31,25.43442964497666
2020-04-01,17.017235288651396
2020-04-02,-26.828335905672237
2020-04-03,28.11121729435133
2020-04-06,-1.818746501538945
2020-04-07,47.31596896682486
2020-04-08,65.31441475570459
2020-04-09,42.96144666136878
2020-04-13,9.501895519351875
2020-04-14,12.945856277657034
2020-04-15,-27.19706157029635
2020-04-16,-5.665474748457012
2020-04-17,40.71304662186665
2020-04-20,-25.636987778398822
2020-04-21,22.899483949140713
2020-04-22,-79.9943366644343
2020-04-23,61.42455398409692
2020-04-24,-29.612710691207063
2020-04-27,-24.283314590533394
2020-04-28,71.79245213118578
2020-04-29,62.41942214202458
2020-04-30,44.38200750297731
2020-05-01,21.66458030091842
2020-05-04,-56.0742007075967
2020-05-05,24.759896769831084
2020-05-06,-50.04293466898808
2020-05-07,84.6093431613565
2020-05-08,2.9886371336353204
2020-05-11,-10.788135745869257
2020-05-12,17.3993045719129
2020-05-13,34.790191313287266
2020-05-14,54.98030653412361
2020-05-15,-22.065013802174143
2020-05-18,56.367725218864265
2020-05-19,-1.937847420696105
2020-05-20,36.30857190347252
2020-05-21,33.2929574681042
2020-05-22,31.361838537953663
2020-05-26,-33.52513758417896
2020-05-27,-5.283847400140312
2020-05-28,36.3720131307017
2020-05-29,67.03930785735568
2020-06-01,21.949448003667747
2020-06-02,-10.784114072832768
2020-06-03,-75.64034000188211
2020-06-04,41.49118692980363
2020-06-05,5.868271798946887
2020-06-08,41.18475635916884
2020-06-09,123.79526112237807
2020-06-10,107.79051416069184
2020-06-11,63.248838282857704
2020-06-12,30.350515430469404
2020-06-15,28.16874261250613
2020-06-16,-41.211870691298586
2020-06-17,52.399833734148785
2020-06-18,-28.27480658148367
2020-06-19,-24.82488012020134
2020-06-22,-14.685474815744236
2020-06-23,7.982703609375743
2020-06-24,16.87219970410905
2020-06-25,-10.078547441672933
2020-06-26,94.57152473826048
2020-06-29,49.70400334836021
2020-06-30,12.351711464467012
2020-07-01,9.374066681541386
2020-07-02,-35.06360538232278
2020-07-06,-63.88839632221474
2020-07-07,22.857423378019956
2020-07-08,-50.1283410847761
2020-07-09,-2.711372225951164
2020-07-10,-16.176343076109617
2020-07-13,83.35504590979868
2020-07-14,-76.96398516538265
2020-07-15,21.639488441055178
2020-07-16,17.71160844287347
2020-07-17,10.009190252159875
2020-07-20,2.043245017364278
2020-07-21,-21.294425878583898
2020-07-22,-33.868944809382015
2020-07-23,17.33694012036682
2020-07-24,14.536670513156624
2020-07-27,-1.7724921734523547
2020-07-28,40.97946391699315
2020-07-29,-116.59975517882124
2020-07-30,-37.14938685557356
2020-07-31,-15.706515507200235
2020-08-03,7.417622269291468
2020-08-04,-52.576489152223864
2020-08-05,-50.889758361614895
2020-08-06,-82.09325658506569
2020-08-07,-80.90338418439723
2020-08-10,42.29367831654245
2020-08-11,147.99824675277944
2020-08-12,-44.40430835525343
2020-08-13,62.70605213576356
2020-08-14,-12.454146710905322
2020-08-17,44.950212549619145
2020-08-18,36.08566064851988
2020-08-19,46.19165682790813
2020-08-20,11.035201604870588
2020-08-21,-22.620422295030966
2020-08-24,-18.050681784210763
2020-08-25,25.111634938604517
2020-08-26,-72.33672740267215
2020-08-27,12.632538577117353
2020-08-28,14.26504301985249
2020-08-31,10.701395430083087
2020-09-01,37.90261816448911
2020-09-02,101.66244865162263
2020-09-03,-3.751046548197316
2020-09-04,-35.30890765977385
2020-09-08,28.71131502343361
2020-09-09,24.807376616290362
2020-09-10,18.806377783215222
2020-09-11,26.388520952830433
2020-09-14,-5.145707653877912
2020-09-15,-25.39906787404647
2020-09-16,5.675462102968007
2020-09-17,34.452333402566815
2020-09-18,-30.074230308753947
2020-09-21,34.038621922173384
2020-09-22,50.983946389690395
2020-09-23,44.04376163802061
2020-09-24,-13.510496540351207
2020-09-25,35.27014188016647
2020-09-28,15.466154574372213
2020-09-29,9.147913932390473
2020-09-30,-14.128008851225413
2020-10-01,28.287967796986923
2020-10-02,4.2914002256276715
2020-10-05,-25.218979039287547
2020-10-06,1.3909104269295158
2020-10-07,-62.66244926248368
2020-10-08,82.07314249602655
2020-10-09,-36.43290932068377
2020-10-12,9.059504735481825
2020-10-13,19.579637016124835
2020-10-14,29.6945747327579
2020-10-15,32.121107011105785
2020-10-16,13.610200590749248
2020-10-19,-15.056975513230523
2020-10-20,-5.094646648485427
2020-10-21,17.79682188287582
2020-10-22,-95.52522304134811
2020-10-23,-23.862407626299245
2020-10-26,-19.177195358187504
2020-10-27,-11.524760955202366
2020-10-28,-41.24181240429285
2020-10-29,7.393336931735294
2020-10-30,38.96967109192509
2020-11-02,-13.357309632523044
2020-11-03,-24.021241480672693
2020-11-04,120.45108609863533
2020-11-05,56.10849622753648
2020-11-06,106.33847116732676
2020-11-09,440.780914692134
2020-11-10,80.25509668725338
2020-11-11,77.7025982029451
2020-11-12,18.457156957128348
2020-11-13,-36.73351181050523
2020-11-16,-90.03209345798332
2020-11-17,-0.991471487241932
2020-11-18,-2.2625493546780073
2020-11-19,-15.764791813731941
2020-11-20,71.33974561154558
2020-11-23,-13.190149816785798
2020-11-24,-42.872058587248794
2020-11-25,64.26072795068643
2020-11-27,71.30784994575204
2020-11-30,16.341017874402866
2020-12-01,-30.45752485881108
2020-12-02,-5.766238246177186
2020-12-03,-7.004705156914039
2020-12-04,-20.923545540791462
2020-12-07,-31.91565390786257
2020-12-08,40.74122426306056
2020-12-09,-50.993775149963895
2020-12-10,-37.879848190215085
2020-12-11,-6.51511262770628
2020-12-14,81.07026574680643
2020-12-15,23.700819376335257
2020-12-16,17.90298515653072
2020-12-17,47.952356223307646
2020-12-18,-63.15040803711887
2020-12-21,58.10602404522807
2020-12-22,-0.4976609860375361
2020-12-23,46.086859449730554
2020-12-24,-7.130025156561552
2020-12-28,67.04597298772521
2020-12-29,18.903531968847833
2020-12-30,-38.48021320992544
2020-12-31,-18.595453504088375
2021-01-04,68.3458990004014
2021-01-05,1.3072722819231313
2021-01-06,-16.698617266261703
2021-01-07,-101.82865850596235
2021-01-08,13.93493978071122
2021-01-11,92.58137590793886
2021-01-12,27.964898444696647
2021-01-13,101.33493802334615
2021-01-14,13.724269215896012
2021-01-15,-12.203503071732259
2021-01-19,-36.479530062815414
2021-01-20,86.67636083829566
2021-01-21,82.65207256695892
2021-01-22,-25.984273932858585
2021-01-25,-1.2531577611459042
2021-01-26,32.76281115268099
2021-01-27,-12.50759595940372
2021-01-28,145.1381633289364
2021-01-29,7.113241185872515
2021-02-01,21.889584442257412
2021-02-02,60.69703368174288
2021-02-03,11.634376626342663
2021-02-04,172.36148813202666
2021-02-05,50.94342525402148
2021-02-08,-8.370137340446917
2021-02-09,-20.347571814479444
2021-02-10,32.330204300501606
2021-02-11,14.728996433223667
2021-02-12,-27.63539818150365
2021-02-16,-29.960745034659706
2021-02-17,40.296413884356944
2021-02-18,17.356465180403045
2021-02-19,-34.85230964387711
2021-02-22,-78.2289590984416
2021-02-23,53.74579526604381
2021-02-24,-6.72745745083692
2021-02-25,124.72205578982263
2021-02-26,86.76445148205865
2021-03-01,3.1012366827310305
2021-03-02,2.0313776266825583
2021-03-03,-32.502236751437735
2021-03-04,22.298213625533304
2021-03-05,-60.53032304894019
2021-03-08,-120.59435013603847
2021-03-09,155.07757671629332
2021-03-10,45.23099991793749
2021-03-11,82.50822569251545
2021-03-12,-29.31168490885779
2021-03-15,65.73992108707021
2021-03-16,-7.178179731572863
2021-03-17,-8.638688405260995
2021-03-18,18.839034965469022
2021-03-19,21.5266648134596
2021-03-22,64.59618267636083
2021-03-23,38.66073298428309
2021-03-24,-34.05736092278778
2021-03-25,-10.372073407259384
2021-03-26,-11.374734058320282
2021-03-29,-41.79441881978233
2021-03-30,81.04118581960842
2021-03-31,52.324313647488744
2021-04-01,6.358317027903022
2021-04-05,4.277239703376483
2021-04-06,18.773329566019324
2021-04-07,-22.776367015806457
2021-04-08,-10.906109447189454
2021-04-09,-28.506557208366544
2021-04-12,1.48886464219435
2021-04-13,48.10095185455739
2021-04-14,-16.627699213319325
2021-04-15,-24.251145630739856
2021-04-16,-9.573845798285808
2021-04-19,-11.741588593908991
2021-04-20,-17.236178620045347
2021-04-21,22.17494678106256
2021-04-22,5.279264467735722
2021-04-23,-50.092179367531685
2021-04-26,113.21871868517364
2021-04-27,-13.685859513548454
2021-04-28,17.445440486409343
2021-04-29,-171.1141069703758
2021-04-30,-12.301993915390804
2021-05-03,18.014479872775834
2021-05-04,-5.684118997459429
2021-05-05,-32.420894536491915
2021-05-06,55.05661278064364
2021-05-07,81.32666011343682
2021-05-10,-27.940542245980513
2021-05-11,87.63945232053794
2021-05-12,106.23373621188802
2021-05-13,-63.690740215855065
2021-05-14,0.3001206615356955
2021-05-17,-33.71564758171946
2021-05-18,26.67184788745084
2021-05-19,10.25826002201696
2021-05-20,-8.546069188455233
2021-05-21,1.4637371717199126
2021-05-24,-22.278074453902523
2021-05-25,26.20755229586764
2021-05-26,-10.867526886023649
2021-05-27,21.043886883355967
2021-05-28,-9.626742413394613
2021-06-01,-21.227165469868904
2021-06-02,29.230027109478254
2021-06-03,-42.78043788405851
2021-06-04,-56.76608924419886
2021-06-07,-4.773949163291185
2021-06-08,-38.13369298885707
2021-06-09,-33.79440082896892
2021-06-10,-29.378044759508818
2021-06-11,-29.40456811389408
2021-06-14,-87.037711228732
2021-06-15,34.15410368149199
2021-06-16,14.401061504286906
2021-06-17,34.47416380477563
2021-06-18,-9.53291793445621
2021-06-21,79.07410209430837
2021-06-22,-6.609408029507968
2021-06-23,-8.449443647673135
2021-06-24,15.151516993967478
2021-06-25,25.599758642913198
2021-06-28,-32.52738204178204
2021-06-29,-8.188012895620101
2021-06-30,42.03336755623344
2021-07-01,27.42346170922485
2021-07-02,-14.805146453442989
2021-07-06,-26.584523375714145
2021-07-07,-12.369120510459167
2021-07-08,9.995092468554239
2021-07-09,26.478411466356224
2021-07-12,23.30085715820105
2021-07-13,-45.82316939543831
2021-07-14,-37.36766289408302
2021-07-15,31.16026099841325
2021-07-16,-41.676490909910946
2021-07-19,-6.598753277158569
2021-07-20,7.9805420201809545
2021-07-21,34.19747803636706
2021-07-22,-127.07539109497947
2021-07-23,80.37964386904461
2021-07-26,17.242252366088426
2021-07-27,-16.72736280187172
2021-07-28,31.226233878598926
2021-07-29,45.17696162920755
2021-07-30,172.20831955711031
2021-08-02,-98.78284647615814
2021-08-03,-47.95413601445373
2021-08-04,-65.48898256796576
2021-08-05,47.944856280711484
2021-08-06,-24.874944566497103
2021-08-09,-5.825056258395229
2021-08-10,-71.45502534354198
2021-08-11,-1.6100590908090888
2021-08-12,-37.435050702261755
2021-08-13,-19.62240260811821
2021-08-16,54.386482071956145
2021-08-17,52.94801201800813
2021-08-18,17.6798305654878
2021-08-19,-46.77682468940489
2021-08-20,-58.75753697484979
2021-08-23,20.59731881077673
2021-08-24,4.342881593366018
2021-08-25,2.119210406946704
2021-08-26,9.74922055559092
2021-08-27,-61.070693785092956
2021-08-30,-21.137475281270188
2021-08-31,12.102041222757236
2021-09-01,-12.58690427956426
2021-09-02,-74.42128330361174
2021-09-03,-43.19117787634443
2021-09-07,-30.756266544025273
2021-09-08,41.184247284990114
2021-09-09,-52.44691947058623
2021-09-10,-19.09925244184772
2021-09-13,38.242958473627596
2021-09-14,-67.34804421252915
2021-09-15,27.832530893281188
2021-09-16,9.133068788946018
2021-09-17,-44.39518189694895
2021-09-20,38.4901535877703
2021-09-21,-19.995254265969578
2021-09-22,16.22333315451436
2021-09-23,63.29133478045309
2021-09-24,-110.66805444478211
2021-09-27,-11.3503577435882
2021-09-28,6.667218145019389
2021-09-29,-4.794473358731269
2021-09-30,32.90851254017569
2021-10-01,-27.126685607075295
2021-10-04,-94.2341558622801
2021-10-05,50.3095577893061
2021-10-06,17.913929993066667
2021-10-07,-26.99690672837116
2021-10-08,-75.46461071653938
2021-10-11,-97.05507123320308
2021-10-12,5.965718855362173
2021-10-13,19.126502691117466
2021-10-14,77.47447408959653
2021-10-15,-27.756037315629857
2021-10-18,41.32631733186054
2021-10-19,7.673962405171408
2021-10-20,36.97195154010759
2021-10-21,-3.0487914761307833
2021-10-22,-22.602645019598068
2021-10-25,-31.99134585723578
2021-10-26,-7.397234668448059
2021-10-27,66.03303292981364
2021-10-28,-41.27698156890891
2021-10-29,-5.02973912518801
2021-11-01,61.18633349129465
2021-11-02,97.17175542749065
2021-11-03,66.01344167958986
2021-11-04,35.69038249125135
2021-11-05,147.0050686656967
2021-11-08,35.4619072397504
2021-11-09,-62.38181637751272
2021-11-10,141.00711095568647
2021-11-11,3.1853444626528837
2021-11-12,-27.330585729688956
2021-11-15,14.334147409381002
2021-11-16,39.49574055976113
2021-11-17,-63.19579316084931
2021-11-18,-15.210772004447279
2021-11-19,-5.25956123161544
2021-11-22,97.46460526076312
2021-11-23,-11.637911517503344
2021-11-24,-44.81342202677748
2021-11-26,-16.011456559782832
2021-11-29,-71.6743335559083
2021-11-30,40.940891093264476
2021-12-01,-55.69536320835695
2021-12-02,51.35817152609914
2021-12-03,54.561033058457085
2021-12-06,168.8056869627643
2021-12-07,170.31669325302323
2021-12-08,53.32621300976966
2021-12-09,-58.425747226353195
2021-12-10,61.84811143156729
2021-12-13,32.31055824383609
2021-12-14,-58.485730511256996
2021-12-15,-16.408800585918062
2021-12-16,-18.56748094732257
2021-12-17,59.49149559426546
2021-12-20,-23.152422251340788
2021-12-21,70.40679801496765
2021-12-22,32.20735769631062
2021-12-23,-7.055343335610672
2021-12-27,-44.34928521079676
2021-12-28,-43.32517679606635
2021-12-29,-28.45606252625489
2021-12-30,30.18372409102932
2021-12-31,22.124253847360137
2022-01-03,27.350048304870825
2022-01-04,-59.9495732244137
2022-01-05,9.81319081259717
2022-01-06,4.565446450135148
2022-01-07,-62.48574358689222
2022-01-10,149.74332977548545
2022-01-11,6.564881414724033
2022-01-12,-55.90483502542656
2022-01-13,1.9645967439265826
2022-01-14,-109.88368173515316
2022-01-18,38.30346575153172
2022-01-19,84.89782243926504
2022-01-20,3.8688513681070673
2022-01-21,-70.31130308434953
2022-01-24,136.89566251568823
2022-01-25,-63.675653836480215
2022-01-26,-86.04827786317672
2022-01-27,58.2318506886586
2022-01-28,50.79848217937888
2022-01-31,172.7197750571738
2022-02-01,14.86646196391418
2022-02-02,-32.47219155942712
2022-02-03,-40.654258324269314
2022-02-04,-52.761778329088536
2022-02-07,14.490394403002268
2022-02-08,-21.652252878077455
2022-02-09,80.20295197155959
2022-02-10,165.64736760096292
2022-02-11,139.87502324214583
2022-02-14,-58.34325554042996
2022-02-15,-192.64322798622715
2022-02-16,-30.238121274935747
2022-02-17,-14.44055532659766
2022-02-18,10.545219080915494
2022-02-22,2.2930433407811224
2022-02-23,54.668572485680336
2022-02-24,53.751090817006435
2022-02-25,-35.15604542397699
2022-02-28,-20.69477832348764
2022-03-01,-94.1687123611002
2022-03-02,29.493057552362963
2022-03-03,40.56362356822777
2022-03-04,9.275028653628581
2022-03-07,-18.262744954746953
2022-03-08,75.48430689096436
2022-03-09,57.129668589694795
2022-03-10,-91.96602858036049
2022-03-11,-7.852281719199728
2022-03-14,-15.421102975131816
2022-03-15,-3.665724754097619
2022-03-16,204.5315620993694
2022-03-17,22.03549995602689
2022-03-18,-30.665879218596512
2022-03-21,35.394378076347365
2022-03-22,39.575672867214394
2022-03-23,-36.49044018837927
2022-03-24,16.677924434292574
2022-03-25,-14.698235885856255
2022-03-28,-60.0789039227149
2022-03-29,39.40246294574111
2022-03-30,-83.46512468998124
2022-03-31,-66.16610873682735
2022-04-01,25.303010563726207
2022-04-04,41.1038850105726
2022-04-05,-12.549088418703352
2022-04-06,-63.321688878333056
2022-04-07,-79.43422741231517
2022-04-08,40.03510162104298
2022-04-11,34.418869066755164
2022-04-12,-15.776452272314176
2022-04-13,55.19715509095127
2022-04-14,-23.79367421950117
2022-04-18,15.462783805223882
2022-04-19,0.913600967587655
2022-04-20,-52.81402882623567
2022-04-21,2.343009413756563
2022-04-22,97.92663024419625
2022-04-25,89.75238549708092
2022-04-26,-15.822552560660357
2022-04-27,15.638019680905822
2022-04-28,31.04696356157946
2022-04-29,32.48556397641672
2022-05-02,-14.203561270542387
2022-05-03,-28.286698331597055
2022-05-04,-20.778338435065745
2022-05-05,61.1523404567396
2022-05-06,-134.38462097520448
2022-05-09,58.02587012597178
2022-05-10,46.89627781267385
2022-05-11,-46.58669136869329
2022-05-12,-8.6576220891053
2022-05-13,57.6074304937843
2022-05-16,-60.816247003784554
2022-05-17,-13.006840300956165
2022-05-18,-118.03819927371569
2022-05-19,74.44033409547562
2022-05-20,22.553633948899613
2022-05-23,57.213434277382305
2022-05-24,-15.269356165586233
2022-05-25,169.9229179551784
2022-05-26,80.48118027298203
2022-05-27,-30.70227036533756
2022-05-31,36.61086001300212
2022-06-01,22.695542027730912
2022-06-02,22.339441444636474
2022-06-03,0.03454694649358304
2022-06-06,2.9627777935829918
2022-06-07,-11.99643138428868
2022-06-08,32.432511594995795
2022-06-09,-76.71542550026336
2022-06-10,22.099641895364783
2022-06-13,16.80897202977794
2022-06-14,-26.91977768935329
2022-06-15,44.80924443699369
2022-06-16,-36.91246781425691
2022-06-17,1.4212471026800655
2022-06-21,-77.69333860232148
2022-06-22,-23.94731198229648
2022-06-23,-13.629563883717596
2022-06-24,18.72693298978017
2022-06-27,20.065049577289834
2022-06-28,63.46109844595704
2022-06-29,8.50443127713624
2022-06-30,-26.964099700473863
2022-07-01,-8.89696542854172
2022-07-05,82.45637097302114
2022-07-06,-42.37879879046857
2022-07-07,94.37527893175502
2022-07-08,8.969083736424247
2022-07-11,0.660572323477021
2022-07-12,60.830801813690364
2022-07-13,-17.276996307648858
2022-07-14,-99.39788320674954
2022-07-15,62.2253676485604
2022-07-18,22.98702094755508
2022-07-19,-6.703085736645987
2022-07-20,-70.91032642435667
2022-07-21,-2.8481780915924597
2022-07-22,41.60075412772816
2022-07-25,8.56830254214741
2022-07-26,55.30985492791343
2022-07-27,45.66621687563642
2022-07-28,-7.3824678372702115
2022-07-29,-40.609666537021916
2022-08-01,28.883641362003527
2022-08-02,-32.944285637627864
2022-08-03,-63.404674637174615
2022-08-04,-3.043849948369851
2022-08-05,30.547422031644945
2022-08-08,7.2893568198650085
2022-08-09,-15.315604911068808
2022-08-10,-14.407679514474076
2022-08-11,-23.10709710179135
2022-08-12,-11.464293277011098
2022-08-15,-46.25170026091761
2022-08-16,32.12394890109598
2022-08-17,56.766187962411635
2022-08-18,30.368605687684614
2022-08-19,54.25808067904373
2022-08-22,-0.9419320891763917
2022-08-23,18.524222793144126
2022-08-24,12.530503341649961
2022-08-25,-6.204717522403987
2022-08-26,8.067170164918556
2022-08-29,37.11270694179383
2022-08-30,6.336759632743752
2022-08-31,6.10786230729665
2022-09-01,-27.779770773902065
2022-09-02,6.169627819090848
2022-09-06,5.052032245690394
2022-09-07,12.497990261640464
2022-09-08,-9.706202357825473
2022-09-09,95.20937754277621
2022-09-12,-2.5952907677599453
2022-09-13,-67.99755807177426
2022-09-14,54.045666257239645
2022-09-15,-160.73343751393674
2022-09-16,-9.70491840098406
2022-09-19,-53.67902792098818
2022-09-20,-2.534916857735147
2022-09-21,21.493256788458442
2022-09-22,-4.933227809751905
2022-09-23,-31.187962639951202
2022-09-26,-43.297715600462645
2022-09-27,-24.475823165933885
2022-09-28,-146.24250019302391
2022-09-29,-0.5225496152181625
2022-09-30,20.042106808139376
2022-10-03,56.2484047030499
2022-10-04,2.3588304903688577
2022-10-05,-18.973525193093824
2022-10-06,-39.56161020330511
2022-10-07,14.641793891653524
2022-10-10,-10.913093015256308
2022-10-11,-20.390056393435533
2022-10-12,11.683671157525835
2022-10-13,49.0476142127255
2022-10-14,34.60457445321237
2022-10-17,34.85427499207137
2022-10-18,33.88491093037742
2022-10-19,-12.757198347898207
2022-10-20,-119.35681166513888
2022-10-21,-53.649651224557125
2022-10-24,-36.55971670215118
2022-10-25,65.078137820599
2022-10-26,-43.68377815522479
2022-10-27,-101.22611301847104
2022-10-28,35.857231341868435
2022-10-31,39.24055356991263
2022-11-01,-42.78986001330433
2022-11-02,-21.311419988252354
2022-11-03,-89.20333426521172
2022-11-04,13.650005091603871
2022-11-07,-15.27305599015442
2022-11-08,49.61343334518173
2022-11-09,-36.50676393952627
2022-11-10,-51.42704456924431
2022-11-11,110.18000537087237
2022-11-14,6.655350767072092
2022-11-15,71.01677713393892
2022-11-16,3.1062245214912756
2022-11-17,-13.273024615449206
2022-11-18,22.779678780472008
2022-11-21,47.92422213567372
2022-11-22,-30.207682768091267
2022-11-23,-18.789188420719142
2022-11-25,35.217888852466444
2022-11-28,47.13546573848583
2022-11-29,-0.32178653441189353
2022-11-30,61.801949619166926
2022-12-01,42.96196321557144
2022-12-02,-6.2459725387044935
2022-12-05,36.10300495674019
2022-12-06,36.289522866775286
2022-12-07,9.320653535862633
2022-12-08,-48.75588542654004
2022-12-09,42.966283793598336
2022-12-12,-58.736595554400516
2022-12-13,8.685987724319427
2022-12-14,40.6182026635949
2022-12-15,110.63357687701972
2022-12-16,132.64947462116479
2022-12-19,-6.644417957582326
2022-12-20,-68.0793977893718
2022-12-21,34.95627226289492
2022-12-22,-19.518028833386534
2022-12-23,3.6613763049410912
2022-12-27,-55.7866622048208
2022-12-28,58.60391904279762
2022-12-29,32.13907376547611
2022-12-30,-2.885597610851488
2023-01-03,-49.902836900624266
2023-01-04,76.06911997108597
2023-01-05,-72.70638140069661
2023-01-06,112.87793890569533
2023-01-09,34.96700703881683
2023-01-10,11.187318814960658
2023-01-11,40.88687815683467
2023-01-12,-31.504965775377
2023-01-13,19.469009598208373
2023-01-17,-0.7844020519286169
2023-01-18,22.72062312899242
2023-01-19,32.92208134899184
2023-01-20,-44.22613477429948
2023-01-23,-83.29359972902509
2023-01-24,50.97521062515075
2023-01-25,34.76171774164198
2023-01-26,-95.9813902442986
2023-01-27,-73.57068889094393
2023-01-30,32.23140685749333
2023-01-31,-17.30183900792362
2023-02-01,16.98815309895741
2023-02-02,-70.8494719836815
2023-02-03,90.30151281534053
2023-02-06,36.777603786359194
2023-02-07,35.01863244745493
2023-02-08,4.686474662969363
2023-02-09,-13.288976193006443
2023-02-10,98.29065932095261
2023-02-13,19.99094231119555
2023-02-14,-30.56997839364787
2023-02-15,-40.09704166747627
2023-02-16,39.412393748226975
2023-02-17,57.167690603511744
2023-02-21,72.18625583770996
2023-02-22,102.761396682349
2023-02-23,-30.791525645485013
2023-02-24,-28.331832800828792
2023-02-27,5.643243130205072
2023-02-28,0.2614715634591116
2023-03-01,-11.303977932361589
2023-03-02,10.777109772231505
2023-03-03,22.869415807600166
2023-03-06,60.04374204255621
2023-03-07,-15.872619185936781
2023-03-08,22.292381115578806
2023-03-09,-35.328305289901714
2023-03-10,-44.98216852918252
2023-03-13,-81.81073950923658
2023-03-14,-49.221034300036436
2023-03-15,-77.33661264692108
2023-03-16,-62.369337846598356
2023-03-17,13.996732076051286
2023-03-20,7.015822335259411
2023-03-21,109.04369410632471
2023-03-22,-22.969178536028643
2023-03-23,-69.9055529935095
2023-03-24,-28.91058292782614
2023-03-27,47.9970424990039
2023-03-28,-2.615499268863048
2023-03-29,26.93947255817333
2023-03-30,-20.167059520676368
2023-03-31,94.17786205614993
2023-04-03,21.517861771924427
2023-04-04,-77.22587656894689
2023-04-05,-44.158313101950874
2023-04-06,24.260493004947133
2023-04-10,87.57246905267402
2023-04-11,11.474311588713467
2023-04-12,-35.814643503822786
2023-04-13,35.01265151784741
2023-04-14,-52.11993560701516
2023-04-17,24.15309240522375
2023-04-18,10.236242562586622
2023-04-19,-59.30680665433607
2023-04-20,-11.046096641888845
2023-04-21,25.31991075323107
2023-04-24,37.073769187680824
2023-04-25,-41.39232105423333
2023-04-26,55.82306327073741
2023-04-27,61.64984848246957
2023-04-28,5.993974700102088
2023-05-01,51.14817824905105
2023-05-02,-39.88542845440169
2023-05-03,58.542898507396636
2023-05-04,-56.37253211569742
2023-05-05,1.682960494388842
2023-05-08,3.843453834251906
2023-05-09,-22.68085763693517
2023-05-10,-44.205148080377214
2023-05-11,-107.43444795992569
2023-05-12,133.26783209083058
2023-05-15,-2.480101498021477
2023-05-16,-117.22572341750976
2023-05-17,29.19575801443777
2023-05-18,-67.58143835859201
2023-05-19,2.40857841137061
2023-05-22,118.20711161449239
2023-05-23,-115.45884422963994
2023-05-24,-57.594385841132095
2023-05-25,-38.42363775396723
2023-05-26,52.00870225167664
2023-05-30,-87.34206963189365
2023-05-31,75.3387676942853
2023-06-01,94.0904756928551
2023-06-02,58.61571215542157
2023-06-05,-21.37647241059277
2023-06-06,15.104045429058507
2023-06-07,-28.528346848962325
2023-06-08,-76.78579658022772
2023-06-09,-58.26170449708314
2023-06-12,-23.978385867982798
2023-06-13,-50.13996004600819
2023-06-14,7.4400222091621355
2023-06-15,22.53660161052187
2023-06-16,-17.440901872237003
2023-06-20,15.306809995522032
2023-06-21,2.051972313228419
2023-06-22,83.44530619801456
2023-06-23,36.781978477634155
2023-06-26,4.341657903206331
2023-06-27,-22.42614012709859
2023-06-28,11.466249624819275
2023-06-29,-9.038956856953433
2023-06-30,0.8209469841046378
2023-07-03,32.195545669560644
2023-07-05,6.2012589599047505
2023-07-06,-9.307976933859951
2023-07-07,-19.09741487129368
2023-07-10,41.44085873989221
2023-07-11,-30.076493708759717
2023-07-12,-84.16622400999482
2023-07-13,72.04131148744531
2023-07-14,16.8462644505587
2023-07-17,-12.791574704395092
2023-07-18,-14.8231360862915
2023-07-19,66.59562981102368
2023-07-20,66.12631170368759
2023-07-21,20.775682157463443
2023-07-24,21.53964228017995
2023-07-25,-40.27764043297776
2023-07-26,-113.27866261915885
2023-07-27,83.91539247574357
2023-07-28,36.648989945753584
2023-07-31,44.7483540764301
2023-08-01,122.82888077521046
2023-08-02,32.09963068939052
2023-08-03,-100.688903480584
2023-08-04,132.31967304944837
2023-08-07,-23.716820107300475
2023-08-08,-100.54662032000056
2023-08-09,-38.730612603346174
2023-08-10,-37.03447189414081
2023-08-11,21.158800460062235
2023-08-14,40.95275613930851
2023-08-15,22.99244342161803
2023-08-16,40.690703910066155
2023-08-17,36.89756517402495
2023-08-18,-13.396625899804137
2023-08-21,-39.85817777399221
2023-08-22,19.117555674024516
2023-08-23,-37.735535556179244
2023-08-24,35.13769113520031
2023-08-25,2.1380930368462296
2023-08-28,-20.591378705266983
2023-08-29,-43.456786461315964
2023-08-30,31.174060458621426
2023-08-31,-19.948251676790438
2023-09-01,-29.534402275310892
2023-09-05,-10.20564335744087
2023-09-06,-7.741624893942927
2023-09-07,-68.26880744079345
2023-09-08,24.92763015167865
2023-09-11,-5.979163080734295
2023-09-12,154.839483097511
2023-09-13,33.66174621695861
2023-09-14,38.69903571744177
2023-09-15,71.69523402499716
2023-09-18,-2.0471904433096535
2023-09-19,89.73238724179511
2023-09-20,-16.123173326243947
2023-09-21,68.69239336990606
2023-09-22,-1.691618195214965
2023-09-25,-12.294441144991058
2023-09-26,-12.820973795200283
2023-09-27,0.6541013450254539
2023-09-28,20.197495039394553
2023-09-29,28.577598965659462
2023-10-02,-14.75220788469987
2023-10-03,6.659560735474303
2023-10-04,-22.960488652904342
2023-10-05,0.22940192620390087
2023-10-06,83.80048135624031
2023-10-09,31.594986512118524
2023-10-10,19.00038343366742
2023-10-11,-50.095907553513356
2023-10-12,40.50731186016365
2023-10-13,54.64726781118901
2023-10-16,55.77103147000415
2023-10-17,16.930658694163036
2023-10-18,-10.083056728384403
2023-10-19,17.803353830065205
2023-10-20,-27.673612597479725
2023-10-23,51.349394599464134
2023-10-24,19.95619544404427
2023-10-25,-19.277721414415737
2023-10-26,132.97691377133359
2023-10-27,-21.758945445284045
2023-10-30,28.92620993757897
2023-10-31,20.769561822346784
2023-11-01,-54.802959706406426
2023-11-02,114.07197840234873
2023-11-03,71.94581737717868
2023-11-06,-29.422677311699367
2023-11-07,11.515771738276696
2023-11-08,95.61331941861839
2023-11-09,-11.40523473248335
2023-11-10,2.7943958484840103
2023-11-13,42.6412770312376
2023-11-14,51.126200929071324
2023-11-15,44.64230051501332
2023-11-16,-42.626667164406385
2023-11-17,-3.371589271625283
2023-11-20,-39.8995310152215
2023-11-21,-17.73216661171396
2023-11-22,-43.27993897632038
2023-11-24,-1.3051577557733878
2023-11-27,40.78695326996978
2023-11-28,31.318200299986874
2023-11-29,1.0451624594117825
2023-11-30,-62.97229166712879
2023-12-01,-48.45087441590136
2023-12-04,3.9165218816253313
2023-12-05,-75.48594096008729
2023-12-06,-29.256127739783864
2023-12-07,-21.526362771712034
2023-12-08,3.374987743938834
2023-12-11,5.730279446699969
2023-12-12,-135.81973553137317
2023-12-13,-4.88667667011215
2023-12-14,32.07333300240422
2023-12-15,41.93397276148804
2023-12-18,33.05163199100699
2023-12-19,47.2917733200524
2023-12-20,51.55705921044029
2023-12-21,54.60412488896932
2023-12-22,-14.148993146866133
2023-12-26,-34.440521064755345
2023-12-27,-28.135157402351144
2023-12-28,-0.9548410930135972
2023-12-29,22.599254799560796
2024-01-02,75.28831112652271
2024-01-03,48.43233055995316
2024-01-04,-84.09116444195101
2024-01-05,-6.393667796833272
2024-01-08,41.62361069471614
2024-01-09,-83.97184788876167
2024-01-10,51.155864976522516
2024-01-11,-7.0156264208260115
2024-01-12,-1.4046840414489734
2024-01-16,-9.203654798846053
2024-01-17,-25.410659450398096
2024-01-18,-18.93978259039653
2024-01-19,-61.564435178986386
2024-01-22,73.41931106453646
2024-01-23,68.09001322135241
2024-01-24,-69.82779344521724
2024-01-25,-22.54662695131119
2024-01-26,130.9146327116821
2024-01-29,2.0729440593872854
2024-01-30,32.43240209048996
2024-01-31,82.02663995603496
2024-02-01,-9.844214110735225
2024-02-02,6.5491904773253
2024-02-05,36.649484339498365
2024-02-06,106.91464500069205
2024-02-07,-67.60534909975442
2024-02-08,86.20486724376919
2024-02-09,-55.257831340970505
2024-02-12,93.47508249050532
2024-02-13,18.9162527902709
2024-02-14,-175.93517336086404
2024-02-15,257.8246462610322
2024-02-16,62.358202446044274
2024-02-20,20.33728184885559
2024-02-21,70.13723472581914
2024-02-22,-127.86926895160163
2024-02-23,87.84253644415274
2024-02-26,-31.10261283608737
2024-02-27,210.42483809013348
2024-02-28,0.9052675524838246
2024-02-29,-4.581954105767051
2024-03-01,-68.97275131607954
2024-03-04,-186.98260532427193
2024-03-05,-27.317022113406008
2024-03-06,-91.81833643083145
2024-03-07,18.984845965950036
2024-03-08,150.46131433116827
2024-03-11,144.4063921994528
2024-03-12,-39.330723944266225
2024-03-13,-48.7828847161128
2024-03-14,-37.43713711344864
2024-03-15,15.788281711852205
2024-03-18,-13.132262659563569
2024-03-19,6.674239470405284
2024-03-20,17.777592757243372
2024-03-21,-10.267598215471592
2024-03-22,20.520198753684213
2024-03-25,25.82647228685225
2024-03-26,-33.26802678700297
2024-03-27,48.49432276116912
2024-03-28,41.62512361965453
2024-04-01,-72.6657822760357
2024-04-02,8.303131053046044
2024-04-03,-87.59728117938062
2024-04-04,129.7503306508157
2024-04-05,-72.30035512625344
2024-04-08,19.477637738646127
2024-04-09,20.991841246030475
2024-04-10,-72.19966456204453
2024-04-11,-15.885566290725711
2024-04-12,-27.175418261302017
2024-04-15,-44.882157127523975
2024-04-16,-1.4502776488339637
2024-04-17,-20.37771081953632
2024-04-18,33.89151298502674
2024-04-19,73.89199158924855
2024-04-22,-28.47527545473931
2024-04-23,-100.72871919052878
2024-04-24,42.876768366011056
2024-04-25,99.89987987984357
2024-04-26,133.6377202236316
2024-04-29,74.76741342183806
2024-04-30,-26.265775132353664
2024-05-01,137.05940467541873
2024-05-02,-81.75981725079075
2024-05-03,51.22622579907588
2024-05-06,4.101202902918898
2024-05-07,-15.976592987313213
2024-05-08,46.94179602470275
2024-05-09,-17.366993068818584
2024-05-10,79.38611237402374
2024-05-13,59.475188392722664
2024-05-14,-39.760919396564695
2024-05-15,-83.40369955908484
2024-05-16,32.409819845761476
2024-05-17,-17.08841610689676
2024-05-20,-21.9074300328179
2024-05-21,-35.88262922469058
2024-05-22,27.626659713547067
2024-05-23,-19.210246899825247
2024-05-24,-35.23331343054001
2024-05-28,8.509698835421588
2024-05-29,-21.289296983952827
2024-05-30,41.2996052651304
2024-05-31,53.35011840207576
2024-06-03,-68.16662825172962
2024-06-04,-30.952798996876556
2024-06-05,-55.17342714682314
2024-06-06,47.207529357502736
2024-06-07,55.51772282361591
2024-06-10,-44.063278752959135
2024-06-11,16.16164939604978
2024-06-12,46.51906436260271
2024-06-13,16.74001030733632
2024-06-14,-22.22507344397405
2024-06-17,-47.172551510332696
2024-06-18,-97.73818466331932
2024-06-20,105.13925132734309
2024-06-21,59.36703760079608
2024-06-24,25.784470290991383
2024-06-25,71.41436537739676
2024-06-26,38.730295588263246
2024-06-27,2.2528711811958484
2024-06-28,-32.564003099223065
2024-07-01,-4.902665826753492
2024-07-02,-4.196213383063819
2024-07-03,12.41800242426437
2024-07-05,30.02815898087232
2024-07-08,56.85575255943081
2024-07-09,30.4818569039827
2024-07-10,50.493302413109866
2024-07-11,77.13732398705999
2024-07-12,41.89463902239217
2024-07-15,-35.27367962845255
2024-07-16,-120.7963686627727
2024-07-17,-43.552111349807106
2024-07-18,-46.50604523686672
2024-07-19,70.50955842324109
2024-07-22,5.137299398980603
2024-07-23,120.067211207372
2024-07-24,40.35347115740337
2024-07-25,36.250891214176775
2024-07-26,-42.33801117782474
2024-07-29,96.38921339308304
2024-07-30,31.407384674452334
2024-07-31,178.23875352840025
2024-08-01,-1.899951936374116
2024-08-02,-115.91617082461245
2024-08-05,80.45622095656041
2024-08-06,21.905331923704964
2024-08-07,15.291650234552542
2024-08-08,-124.84805441116806
2024-08-09,112.1598860372062
2024-08-12,-6.301772784404344
2024-08-13,60.67423682146476
2024-08-14,51.08000471018738
2024-08-15,4.214093646920955
2024-08-16,28.924063114497365
2024-08-19,42.92345575087917
2024-08-20,73.65035229691149
2024-08-21,-4.887844850219006
2024-08-22,-19.196297270166752
2024-08-23,81.37128943847505
2024-08-26,-21.18549394606042
2024-08-27,-103.20888005130115
2024-08-28,-3.0639287192450455
2024-08-29,26.68447818471297
2024-08-30,31.25078904201011
2024-09-03,44.60965390316323
2024-09-04,38.15512408248386
2024-09-05,17.32378149868285
2024-09-06,-21.241089609373788
2024-09-09,62.16063124802691
2024-09-10,-133.7893173399962
2024-09-11,80.50883911831045
2024-09-12,-14.911427004348488
2024-09-13,77.14313797178293
2024-09-16,-127.64045789768704
2024-09-17,-5.801271040682849
2024-09-18,69.55581365349947
2024-09-19,25.42890653223076
2024-09-20,30.579186455458355
2024-09-23,-11.066869453086952
2024-09-24,-17.02101881704987
2024-09-25,44.09636248561024
2024-09-26,-24.21711745234832
2024-09-27,-88.51788637957151
2024-09-30,36.22085867342156
2024-10-01,15.065945760752983
2024-10-02,-4.308042245939748
2024-10-03,5.0166119336500845
2024-10-04,-57.37723424301819
2024-10-07,-23.110043464557982
2024-10-08,-16.675613361073065
2024-10-09,80.01757040699685
2024-10-10,9.36548215874225
2024-10-11,-32.1791562760169
2024-10-14,-24.240168552797225
2024-10-15,117.04724365521
2024-10-16,-56.38525503813784
2024-10-17,-43.68263460470728
2024-10-18,6.955284901658496
2024-10-21,72.10404812659256
2024-10-22,133.18535495250063
2024-10-23,69.3804508940552
2024-10-24,18.279562572236532
2024-10-25,115.21810303796401
2024-10-28,27.436489539174882
2024-10-29,19.496841453763192
2024-10-30,65.20563149851495
2024-10-31,318.2005965141115
2024-11-01,-43.05032442336159
2024-11-04,30.361780749869006
2024-11-05,-38.195332632934026
2024-11-06,-51.21366983759142
2024-11-07,6.985480113614492
2024-11-08,61.55515005521488
2024-11-11,-228.11697732940402
2024-11-12,24.793417435623848
2024-11-13,-44.73717595131881
2024-11-14,48.26879028326006
2024-11-15,150.14287972563054
2024-11-18,124.75846201225669
2024-11-19,165.28307838265533
2024-11-20,-26.126420147058102
2024-11-21,-20.938572444238872
2024-11-22,0.4112131871290005
2024-11-25,65.42238718095211
2024-11-26,15.565798361348467
2024-11-27,82.10718988541953
2024-11-29,27.929880384575018
2024-12-02,-6.993129164443091
2024-12-03,59.34470850269824
2024-12-04,15.304309187169023
2024-12-05,70.99417503815265
2024-12-06,-26.383182705493734
2024-12-09,28.054915815940152
2024-12-10,13.063732807658631
2024-12-11,-19.751868839403908
2024-12-12,65.09108048642
2024-12-13,-71.44102734284503
2024-12-16,-76.6008089415404
2024-12-17,-58.16871197978578
2024-12-18,140.4574180395147
2024-12-19,-96.88811641536567
2024-12-20,25.502434849746187
2024-12-23,-27.21764475648459
2024-12-24,-35.77196891452436
2024-12-26,20.690884641167163
2024-12-27,-5.092663699831307
2024-12-30,26.68354621247301
